	solver_type	prot_per_class	num_unlearned_samples	iter	et_retrain	et_unlearn	prot_dev_01	prot_dev_02	prot_dev_12	n_retrain	tr_M0_nAcc	tr_M1_nAcc	tr_retain_corr_M1	tr_lost_preds_M1	tr_imp_corr_M1	tr_M2_nAcc	tr_retain_corr_M2	tr_lost_preds_M2	tr_imp_corr_M2	tr_M0_Bacc	tr_M1_Bacc	tr_M2_Bacc	tr_M0_AUC	tr_M1_AUC	tr_M2_AUC	n_test	te_M0_nAcc	te_M1_nAcc	te_retain_corr_M1	te_lost_preds_M1	te_imp_corr_M1	te_M2_nAcc	te_retain_corr_M2	te_lost_preds_M2	te_imp_corr_M2	te_M0_Bacc	te_M1_Bacc	te_M2_Bacc	te_M0_AUC	te_M1_AUC	te_M2_AUC
0	lbfgs	1	4	0	0.0236975073814392	0.0002301573753356	1397.68989	9700.81063	11098.49685	32557	24716.0	24716.0	24716	0	0	24716.0	24716	0	0	0.5	0.5	0.5	0.6169	0.6091	0.6231	16281	12435.0	12435.0	12435	0	0	12435.0	12435	0	0	0.5	0.5	0.5	0.6134	0.6058	0.6199
1	lbfgs	1	4	1	0.0252285321553548	0.0001870314280192	1636.69098	9700.81063	8064.12585	32557	24716.0	24716.0	24716	0	0	24716.0	24716	0	0	0.5	0.5	0.5	0.6168	0.5697	0.623	16281	12435.0	12435.0	12435	0	0	12435.0	12435	0	0	0.5	0.5	0.5	0.6134	0.5673	0.6199
2	lbfgs	1	4	2	0.0298712611198425	0.000211497147878	331.38025	9700.81063	9369.43349	32557	24718.0	24718.0	24718	0	0	24718.0	24718	0	0	0.5	0.5	0.5	0.6168	0.5761	0.623	16281	12435.0	12435.0	12435	0	0	12435.0	12435	0	0	0.5	0.5	0.5	0.6134	0.5732	0.6199
3	lbfgs	1	33	0	0.0298930486043294	0.0002100189526875	1029.60269	9700.81063	10730.41074	32528	24695.0	24695.0	24695	0	0	24695.0	24695	0	0	0.5	0.5	0.5	0.6168	0.6155	0.6229	16281	12435.0	12435.0	12435	0	0	12435.0	12435	0	0	0.5	0.5	0.5	0.6134	0.6132	0.6199
4	lbfgs	1	33	1	0.0279206355412801	0.0001980423927307	4628.54452	9700.81063	5072.29326	32528	24696.0	24696.0	24696	0	0	24696.0	24696	0	0	0.5	0.5	0.5	0.6171	0.5713	0.6233	16281	12435.0	12435.0	12435	0	0	12435.0	12435	0	0	0.5	0.5	0.5	0.6134	0.5674	0.6199
5	lbfgs	1	33	2	0.0229820410410563	0.0002182960510253	767.62862	9700.81063	10468.43829	32528	24694.0	24694.0	24694	0	0	24694.0	24694	0	0	0.5	0.5	0.5	0.6169	0.5727	0.623	16281	12435.0	12435.0	12435	0	0	12435.0	12435	0	0	0.5	0.5	0.5	0.6134	0.5696	0.6199
6	lbfgs	1	326	0	0.0266282399495442	0.0002155780792236	4802.45225	9700.81063	14503.25017	32236	24490.0	24490.0	24490	0	0	24490.0	24490	0	0	0.5	0.5	0.5	0.6168	0.6158	0.623	16281	12435.0	12435.0	12435	0	0	12435.0	12435	0	0	0.5	0.5	0.5	0.6134	0.612	0.6199
7	lbfgs	1	326	1	0.0231696883837381	0.0002103288968404	977.78535	9700.81063	8723.03297	32238	24482.0	24482.0	24482	0	0	24482.0	24482	0	0	0.5	0.5	0.5	0.6158	0.5759	0.6225	16281	12435.0	12435.0	12435	0	0	12435.0	12435	0	0	0.5	0.5	0.5	0.6134	0.5737	0.6199
8	lbfgs	1	326	2	0.0258033315340677	0.0002263704935709	374.24472	9700.81063	9332.71874	32237	24481.0	24481.0	24481	0	0	24481.0	24481	0	0	0.5	0.5	0.5	0.6164	0.572	0.6226	16281	12435.0	12435.0	12435	0	0	12435.0	12435	0	0	0.5	0.5	0.5	0.6134	0.569	0.6199
9	lbfgs	1	1629	0	0.0244322816530863	0.0002041459083557	2178.4426	9700.81063	7522.43121	30973	23527.0	23527.0	23527	0	0	23527.0	23527	0	0	0.5	0.5	0.5	0.6164	0.5693	0.6226	16281	12435.0	12435.0	12435	0	0	12435.0	12435	0	0	0.5	0.5	0.5	0.6134	0.567	0.6199
10	lbfgs	1	1629	1	0.0215494394302368	0.0002081354459126	1685.38852	9700.81063	8022.14498	30971	23531.0	23531.0	23531	0	0	23531.0	23531	0	0	0.5	0.5	0.5	0.6166	0.6226	0.623	16281	12435.0	12435.0	12435	0	0	12435.0	12435	0	0	0.5	0.5	0.5	0.6134	0.6193	0.6199
11	lbfgs	1	1629	2	0.0235198537508646	0.0002191027005513	348.80445	9700.81063	10034.12994	30975	23542.0	23542.0	23542	0	0	23542.0	23542	0	0	0.5	0.5	0.5	0.6162	0.6142	0.6225	16281	12435.0	12435.0	12435	0	0	12435.0	12435	0	0	0.5	0.5	0.5	0.6134	0.6115	0.6199
12	lbfgs	1	3257	0	0.0215089917182922	0.0002478559811909	418.23859	9700.81063	9282.60926	29467	22354.0	22354.0	22354	0	0	22354.0	22354	0	0	0.5	0.5	0.5	0.617	0.5808	0.6231	16281	12435.0	12435.0	12435	0	0	12435.0	12435	0	0	0.5	0.5	0.5	0.6134	0.5774	0.6199
13	lbfgs	1	3257	1	0.0225190877914428	0.0002355853716532	2159.40962	9700.81063	11848.14936	29455	22365.0	22365.0	22365	0	0	22365.0	22365	0	0	0.5	0.5	0.5	0.6182	0.6161	0.6254	16281	12435.0	12435.0	12435	0	0	12435.0	12435	0	0	0.5	0.5	0.5	0.6134	0.6127	0.6199
14	lbfgs	1	3257	2	0.0228653709093729	0.0002549330393473	3301.49107	9700.81063	6399.34312	29470	22359.0	22359.0	22359	0	0	22359.0	22359	0	0	0.5	0.5	0.5	0.6169	0.5769	0.6231	16281	12435.0	12435.0	12435	0	0	12435.0	12435	0	0	0.5	0.5	0.5	0.6134	0.5724	0.6199
15	lbfgs	1	6513	0	0.0225439111391703	0.0003690679868062	2849.9288	9700.81063	6850.88378	26673	20245.0	20245.0	20245	0	0	20245.0	20245	0	0	0.5	0.5	0.5	0.6179	0.5728	0.6241	16281	12435.0	12435.0	12435	0	0	12435.0	12435	0	0	0.5	0.5	0.5	0.6134	0.5685	0.6199
16	lbfgs	1	6513	1	0.0272199471791585	0.0003617962201436	553.86565	9700.81063	9154.70384	26685	20300.0	20300.0	20300	0	0	20300.0	20300	0	0	0.5	0.5	0.5	0.6143	0.5657	0.6212	16281	12435.0	12435.0	12435	0	0	12435.0	12435	0	0	0.5	0.5	0.5	0.6134	0.5658	0.6199
17	lbfgs	1	6513	2	0.0274157881736755	0.0003706494967142	2994.36737	9700.81063	6706.52343	26698	20244.0	20244.0	20244	0	0	20244.0	20244	0	0	0.5	0.5	0.5	0.6146	0.6106	0.6206	16281	12435.0	12435.0	12435	0	0	12435.0	12435	0	0	0.5	0.5	0.5	0.6134	0.6092	0.6199
0	lbfgs	2	4	0	0.0425472617149353	0.0003756443659464	7720.75951	14407.57986	9655.77928	32557	24718.0	24718.0	24718	0	0	25132.0	24603	115	529	0.5	0.5	0.5314	0.5537	0.5994	0.6372	16281	12435.0	12435.0	12435	0	0	12632.0	12379	56	253	0.5	0.5	0.5306	0.5504	0.5952	0.6332
1	lbfgs	2	4	1	0.0372434457143147	0.00033460855484	9342.27136	14407.57963	8690.68793	32557	24718.0	24718.0	24718	0	0	25386.0	23716	1002	1670	0.5	0.5	0.5863	0.5536	0.582	0.5618	16281	12435.0	12435.0	12435	0	0	12750.0	11942	493	808	0.5	0.5	0.5852	0.5504	0.5784	0.5611
2	lbfgs	2	4	2	0.0366721073786417	0.000252358118693	7665.86706	14407.57783	11172.05696	32557	24716.0	24716.0	24716	0	0	24716.0	24716	0	0	0.5	0.5	0.5	0.5536	0.5779	0.5869	16281	12435.0	12435.0	12435	0	0	12435.0	12435	0	0	0.5	0.5	0.5	0.5504	0.5753	0.5828
3	lbfgs	2	33	0	0.0339554826418558	0.0002822200457255	8340.11698	14407.57783	9825.81082	32528	24696.0	24696.0	24696	0	0	24696.0	24696	0	0	0.5	0.5	0.5	0.5534	0.6078	0.5865	16281	12435.0	12435.0	12435	0	0	12435.0	12435	0	0	0.5	0.5	0.5	0.5504	0.6035	0.5826
4	lbfgs	2	33	1	0.0356616457303365	0.0002586126327514	8368.46997	14407.57783	6674.51914	32528	24695.0	24695.0	24695	0	0	24695.0	24695	0	0	0.5	0.5	0.5	0.5536	0.5814	0.5867	16281	12435.0	12435.0	12435	0	0	12435.0	12435	0	0	0.5	0.5	0.5	0.5504	0.5762	0.5825
5	lbfgs	2	33	2	0.0369540572166442	0.0002686381340026	8224.98461	14407.57783	8843.25952	32528	24693.0	24693.0	24693	0	0	24693.0	24693	0	0	0.5	0.5	0.5	0.5537	0.5766	0.5867	16281	12435.0	12435.0	12435	0	0	12435.0	12435	0	0	0.5	0.5	0.5	0.5504	0.5732	0.5825
6	lbfgs	2	326	0	0.0410220344861348	0.000280737876892	8333.95795	14407.57783	8739.62088	32236	24490.0	24490.0	24490	0	0	24490.0	24490	0	0	0.5	0.5	0.5	0.5541	0.5916	0.5871	16281	12435.0	12435.0	12435	0	0	12435.0	12435	0	0	0.5	0.5	0.5	0.5504	0.5889	0.5825
7	lbfgs	2	326	1	0.0309594670931498	0.0002717693646748	8126.91723	14407.57783	9588.56142	32238	24482.0	24482.0	24482	0	0	24482.0	24482	0	0	0.5	0.5	0.5	0.5539	0.6627	0.5868	16281	12435.0	12435.0	12435	0	0	12435.0	12435	0	0	0.5	0.5	0.5	0.5504	0.6599	0.5825
8	lbfgs	2	326	2	0.0317291736602783	0.0002797961235046	7782.58176	14407.57783	6856.06545	32237	24470.0	24470.0	24470	0	0	24470.0	24470	0	0	0.5	0.5	0.5	0.5537	0.5915	0.5868	16281	12435.0	12435.0	12435	0	0	12435.0	12435	0	0	0.5	0.5	0.5	0.5504	0.5883	0.5825
9	lbfgs	2	1629	0	0.0316223541895548	0.0003489017486572	9897.92219	14407.57783	6133.35458	30961	23503.0	23503.0	23503	0	0	23503.0	23503	0	0	0.5	0.5	0.5	0.5549	0.5854	0.588	16281	12435.0	12435.0	12435	0	0	12435.0	12435	0	0	0.5	0.5	0.5	0.5504	0.5811	0.5825
10	lbfgs	2	1629	1	0.0366904139518737	0.0003601829210917	7652.43115	14407.57783	10200.63223	30974	23514.0	23514.0	23514	0	0	23514.0	23514	0	0	0.5	0.5	0.5	0.5544	0.6439	0.5881	16281	12435.0	12435.0	12435	0	0	12435.0	12435	0	0	0.5	0.5	0.5	0.5504	0.6397	0.5825
11	lbfgs	2	1629	2	0.0290965557098388	0.0003112991650899	7835.92982	14407.57783	8012.73781	30966	23500.0	23500.0	23500	0	0	23500.0	23500	0	0	0.5	0.5	0.5	0.5528	0.5816	0.5857	16281	12435.0	12435.0	12435	0	0	12435.0	12435	0	0	0.5	0.5	0.5	0.5504	0.5785	0.5825
12	lbfgs	2	3257	0	0.0363049149513244	0.0003311554590861	8595.01689	14407.57783	8613.83204	29450	22391.0	22391.0	22391	0	0	22391.0	22391	0	0	0.5	0.5	0.5	0.5548	0.6153	0.5879	16281	12435.0	12435.0	12435	0	0	12435.0	12435	0	0	0.5	0.5	0.5	0.5504	0.6105	0.5825
13	lbfgs	2	3257	1	0.0297233502070109	0.0004757444063822	9460.4313	14407.57783	6998.55191	29466	22387.0	22387.0	22387	0	0	22387.0	22387	0	0	0.5	0.5	0.5	0.5556	0.6097	0.5879	16281	12435.0	12435.0	12435	0	0	12435.0	12435	0	0	0.5	0.5	0.5	0.5504	0.6036	0.5825
14	lbfgs	2	3257	2	0.0373298645019531	0.0004646023114522	7427.37242	14407.57783	10383.23746	29468	22337.0	22337.0	22337	0	0	22337.0	22337	0	0	0.5	0.5	0.5	0.5536	0.595	0.5866	16281	12435.0	12435.0	12435	0	0	12435.0	12435	0	0	0.5	0.5	0.5	0.5504	0.592	0.5825
15	lbfgs	2	6513	0	0.0329521179199218	0.0004913330078125	10225.57272	14407.57783	5644.09743	26661	20199.0	20199.0	20199	0	0	20199.0	20199	0	0	0.5	0.5	0.5	0.554	0.5759	0.5874	16281	12435.0	12435.0	12435	0	0	12435.0	12435	0	0	0.5	0.5	0.5	0.5504	0.5724	0.5825
16	lbfgs	2	6513	1	0.0310419917106628	0.0003981828689575	8455.55595	14407.57783	11839.58653	26645	20217.0	20217.0	20217	0	0	20217.0	20217	0	0	0.5	0.5	0.5	0.5549	0.5652	0.5861	16281	12435.0	12435.0	12435	0	0	12435.0	12435	0	0	0.5	0.5	0.5	0.5504	0.5604	0.5825
17	lbfgs	2	6513	2	0.0292888800303141	0.0004698197046915	8780.84942	14407.57783	7636.58201	26681	20234.0	20234.0	20234	0	0	20234.0	20234	0	0	0.5	0.5	0.5	0.5571	0.6203	0.5897	16281	12435.0	12435.0	12435	0	0	12435.0	12435	0	0	0.5	0.5	0.5	0.5504	0.6137	0.5825
0	lbfgs	3	4	0	0.040384288628896	0.0003671685854593	4969.98799	7758.98246	5111.61818	32557	24716.0	24716.0	24716	0	0	24716.0	24716	0	0	0.5	0.5	0.5	0.6535	0.5774	0.6392	16281	12435.0	12435.0	12435	0	0	12435.0	12435	0	0	0.5	0.5	0.5	0.6527	0.5738	0.6359
1	lbfgs	3	4	1	0.0393644293149312	0.0003644426663716	7240.921	7758.98246	11431.61599	32557	24716.0	24716.0	24716	0	0	24716.0	24716	0	0	0.5	0.5	0.5	0.6535	0.5788	0.6391	16281	12435.0	12435.0	12435	0	0	12435.0	12435	0	0	0.5	0.5	0.5	0.6527	0.575	0.6357
2	lbfgs	3	4	2	0.0396370331446329	0.0003428816795349	9749.16311	7758.98246	13777.74597	32557	24716.0	24716.0	24716	0	0	24716.0	24716	0	0	0.5	0.5	0.5	0.6535	0.68	0.6392	16281	12435.0	12435.0	12435	0	0	12435.0	12435	0	0	0.5	0.5	0.5	0.6527	0.6767	0.6358
3	lbfgs	3	33	0	0.0391386707623799	0.0003947536150614	5293.35138	7758.98246	9895.86294	32528	24696.0	24696.0	24696	0	0	24696.0	24696	0	0	0.5	0.5	0.5	0.6535	0.5915	0.6393	16281	12435.0	12435.0	12435	0	0	12435.0	12435	0	0	0.5	0.5	0.5	0.6527	0.5889	0.6359
4	lbfgs	3	33	1	0.0519619146982828	0.0006031036376953	3621.92112	7758.98307	5728.92371	32528	24693.0	24693.0	24693	0	0	25175.0	24594	99	581	0.5	0.5	0.5351	0.6533	0.6371	0.6765	16281	12435.0	12435.0	12435	0	0	12670.0	12387	48	283	0.5	0.5	0.5349	0.6527	0.6356	0.6751
5	lbfgs	3	33	2	0.0476776957511901	0.0004758477210998	3421.02201	7758.98246	6788.9745	32528	24692.0	24692.0	24692	0	0	24692.0	24692	0	0	0.5	0.5	0.5	0.6534	0.6351	0.6393	16281	12435.0	12435.0	12435	0	0	12435.0	12435	0	0	0.5	0.5	0.5	0.6527	0.6342	0.6359
6	lbfgs	3	326	0	0.0472127040227254	0.0005685051282246	6282.78483	7758.98246	9839.32187	32238	24471.0	24471.0	24471	0	0	24471.0	24471	0	0	0.5	0.5	0.5	0.6532	0.6256	0.6389	16281	12435.0	12435.0	12435	0	0	12435.0	12435	0	0	0.5	0.5	0.5	0.6527	0.6222	0.6359
7	lbfgs	3	326	1	0.0469156940778096	0.0004039883613586	3295.60422	7758.98246	7192.61193	32236	24475.0	24475.0	24475	0	0	24475.0	24475	0	0	0.5	0.5	0.5	0.6533	0.579	0.6389	16281	12435.0	12435.0	12435	0	0	12435.0	12435	0	0	0.5	0.5	0.5	0.6527	0.5758	0.6359
8	lbfgs	3	326	2	0.0344497799873352	0.000420320034027	5835.59537	7758.98246	8560.66001	32235	24463.0	24463.0	24463	0	0	24463.0	24463	0	0	0.5	0.5	0.5	0.6533	0.6535	0.639	16281	12435.0	12435.0	12435	0	0	12435.0	12435	0	0	0.5	0.5	0.5	0.6527	0.65	0.6359
9	lbfgs	3	1629	0	0.0412721832593282	0.0005296031634012	5085.39415	7758.98246	7330.16738	30981	23513.0	23513.0	23513	0	0	23513.0	23513	0	0	0.5	0.5	0.5	0.6531	0.5847	0.6389	16281	12435.0	12435.0	12435	0	0	12435.0	12435	0	0	0.5	0.5	0.5	0.6527	0.5802	0.6359
10	lbfgs	3	1629	1	0.0359549800554911	0.0005572438240051	4010.24978	7758.98246	7601.6495	30972	23508.0	23508.0	23508	0	0	23508.0	23508	0	0	0.5	0.5	0.5	0.6545	0.5811	0.64	16281	12435.0	12435.0	12435	0	0	12435.0	12435	0	0	0.5	0.5	0.5	0.6527	0.5767	0.6359
11	lbfgs	3	1629	2	0.0397107124328613	0.0006280700365702	4661.44102	7758.98246	7730.35294	30964	23528.0	23528.0	23528	0	0	23528.0	23528	0	0	0.5	0.5	0.5	0.6528	0.6576	0.6389	16281	12435.0	12435.0	12435	0	0	12435.0	12435	0	0	0.5	0.5	0.5	0.6527	0.6538	0.6359
12	lbfgs	3	3257	0	0.0381820758183797	0.0006268342336018	5153.98478	7758.98246	9751.28508	29454	22344.0	22344.0	22344	0	0	22344.0	22344	0	0	0.5	0.5	0.5	0.6545	0.5802	0.6405	16281	12435.0	12435.0	12435	0	0	12435.0	12435	0	0	0.5	0.5	0.5	0.6527	0.5751	0.6359
13	lbfgs	3	3257	1	0.0368691444396972	0.0005837480227152	4544.43076	7758.98246	9098.94286	29463	22366.0	22366.0	22366	0	0	22366.0	22366	0	0	0.5	0.5	0.5	0.6548	0.6597	0.6398	16281	12435.0	12435.0	12435	0	0	12435.0	12435	0	0	0.5	0.5	0.5	0.6527	0.6556	0.6359
14	lbfgs	3	3257	2	0.0356180946032206	0.0006859421730041	7120.09213	7758.98246	10510.83269	29457	22345.0	22345.0	22345	0	0	22345.0	22345	0	0	0.5	0.5	0.5	0.6528	0.5751	0.6393	16281	12435.0	12435.0	12435	0	0	12435.0	12435	0	0	0.5	0.5	0.5	0.6527	0.5712	0.6359
15	lbfgs	3	6513	0	0.0307450095812479	0.0005868514378865	3435.97243	7758.98246	5222.86358	26659	20227.0	20227.0	20227	0	0	20227.0	20227	0	0	0.5	0.5	0.5	0.6511	0.6357	0.6365	16281	12435.0	12435.0	12435	0	0	12435.0	12435	0	0	0.5	0.5	0.5	0.6527	0.6356	0.6359
16	lbfgs	3	6513	1	0.0292143980662028	0.0006029923756917	5242.06079	7758.98246	8199.21449	26682	20235.0	20235.0	20235	0	0	20235.0	20235	0	0	0.5	0.5	0.5	0.6517	0.6106	0.6378	16281	12435.0	12435.0	12435	0	0	12435.0	12435	0	0	0.5	0.5	0.5	0.6527	0.608	0.6359
17	lbfgs	3	6513	2	0.0280517141024271	0.0007086992263793	4860.98542	7758.98246	7329.86638	26596	20197.0	20197.0	20197	0	0	20197.0	20197	0	0	0.5	0.5	0.5	0.6503	0.6091	0.6363	16281	12435.0	12435.0	12435	0	0	12435.0	12435	0	0	0.5	0.5	0.5	0.6527	0.6068	0.6359
0	wgd	1	4	0	0.0029422005017598	0.00018097559611	0.00014	5.01664	5.01662	32557	23653.0	23653.0	23653	0	0	23752.0	23507	146	245	0.6494	0.6494	0.645	0.6598	0.6598	0.726	16281	11791.0	11791.0	11791	0	0	11867.0	11715	76	152	0.6496	0.6496	0.6459	0.6545	0.6545	0.724
1	wgd	1	4	1	0.0035092035929361	0.0002866188685099	0.00014	5.01664	5.01662	32557	23652.0	23652.0	23652	0	0	23751.0	23506	146	245	0.6493	0.6493	0.645	0.6598	0.6598	0.726	16281	11791.0	11791.0	11791	0	0	11867.0	11715	76	152	0.6496	0.6496	0.6459	0.6545	0.6545	0.724
2	wgd	1	4	2	0.003774336973826	0.0002113342285156	0.00018	5.01664	5.01659	32557	23653.0	23653.0	23653	0	0	23752.0	23507	146	245	0.6494	0.6494	0.645	0.6598	0.6598	0.726	16281	11791.0	11791.0	11791	0	0	11867.0	11715	76	152	0.6496	0.6496	0.6459	0.6545	0.6545	0.724
3	wgd	1	33	0	0.0038042664527893	0.0002718528111775	0.00058	5.01504	5.01505	32528	23628.0	23628.0	23628	0	0	22541.0	21821	1807	720	0.6492	0.6492	0.6191	0.6597	0.6597	0.6644	16281	11791.0	11791.0	11791	0	0	11211.0	10856	935	355	0.6496	0.6496	0.6162	0.6545	0.6545	0.6618
4	wgd	1	33	1	0.0039604226748148	0.0002755443255106	0.00065	5.01635	5.01648	32528	23629.0	23629.0	23629	0	0	24352.0	22727	902	1625	0.6492	0.6492	0.6327	0.6597	0.6597	0.7149	16281	11791.0	11792.0	11791	0	1	12197.0	11336	455	861	0.6496	0.6496	0.6328	0.6545	0.6545	0.7136
5	wgd	1	33	2	0.0037123680114746	0.0002694408098856	0.00051	5.01483	5.01471	32528	23634.0	23634.0	23634	0	0	23583.0	22241	1393	1342	0.6495	0.6495	0.6212	0.66	0.66	0.7084	16281	11791.0	11791.0	11791	0	0	11738.0	11063	728	675	0.6496	0.6496	0.6171	0.6545	0.6545	0.704
6	wgd	1	326	0	0.0037625352541605	0.0002743045488993	0.00272	5.01437	5.01406	32235	23434.0	23434.0	23434	0	0	21832.0	21161	2273	671	0.6498	0.6498	0.6134	0.6603	0.6603	0.7003	16281	11791.0	11792.0	11791	0	1	10951.0	10623	1168	328	0.6496	0.6496	0.6112	0.6545	0.6545	0.6961
7	wgd	1	326	1	0.0038158218065897	0.0002859910329182	0.00201	5.01547	5.01623	32236	23428.0	23428.0	23428	0	0	22499.0	22205	1223	294	0.6489	0.6489	0.6395	0.6595	0.6594	0.7069	16281	11791.0	11792.0	11791	0	1	11299.0	11155	636	144	0.6496	0.6496	0.6385	0.6545	0.6545	0.7047
8	wgd	1	326	2	0.003701913356781	0.0003020524978637	0.00213	5.01462	5.01456	32236	23410.0	23410.0	23410	0	0	22106.0	21474	1936	632	0.649	0.649	0.6193	0.6595	0.6596	0.7023	16281	11791.0	11792.0	11791	0	1	11063.0	10769	1022	294	0.6496	0.6496	0.615	0.6545	0.6545	0.6991
9	wgd	1	1629	0	0.0036741336186726	0.0003169655799865	0.00436	5.01482	5.01505	30966	22506.0	22505.0	22505	1	0	21455.0	20946	1560	509	0.65	0.65	0.628	0.6611	0.6611	0.7063	16281	11791.0	11791.0	11791	0	0	11167.0	10924	867	243	0.6496	0.6496	0.6229	0.6545	0.6545	0.7016
10	wgd	1	1629	1	0.0036287705103556	0.0003310958544413	0.00463	5.01487	5.01369	30978	22469.0	22467.0	22467	2	0	21379.0	20800	1669	579	0.6484	0.6484	0.6212	0.6589	0.6589	0.7035	16281	11791.0	11791.0	11791	0	0	11153.0	10870	921	283	0.6496	0.6496	0.6177	0.6545	0.6545	0.7007
11	wgd	1	1629	2	0.0035004417101542	0.0003189444541931	0.00308	5.01477	5.014	30967	22507.0	22504.0	22504	3	0	21364.0	20777	1730	587	0.6499	0.6499	0.6203	0.6602	0.6601	0.7042	16281	11791.0	11791.0	11791	0	0	11132.0	10842	949	290	0.6496	0.6496	0.6161	0.6545	0.6544	0.7002
12	wgd	1	3257	0	0.00347820520401	0.000369115670522	0.00781	5.01493	5.01748	29475	21399.0	21399.0	21399	0	0	20372.0	19845	1554	527	0.6475	0.6475	0.6181	0.6571	0.657	0.7024	16281	11791.0	11792.0	11791	0	1	11183.0	10904	887	279	0.6496	0.6496	0.6171	0.6545	0.6543	0.7006
13	wgd	1	3257	1	0.0035068949063618	0.0003681580225626	0.00864	5.01493	5.01622	29469	21370.0	21371.0	21370	0	1	20413.0	20020	1350	393	0.6484	0.6484	0.6354	0.6589	0.659	0.7048	16281	11791.0	11794.0	11790	1	4	11186.0	10997	794	189	0.6496	0.6496	0.6319	0.6545	0.6547	0.7017
14	wgd	1	3257	2	0.0034167806307474	0.0003542780876159	0.00872	5.01484	5.01402	29468	21420.0	21422.0	21420	0	2	20513.0	20204	1216	309	0.6498	0.6499	0.639	0.661	0.6611	0.7067	16281	11791.0	11794.0	11790	1	4	11253.0	11089	702	164	0.6496	0.6496	0.6366	0.6545	0.6547	0.7023
15	wgd	1	6513	0	0.0029914339383443	0.0004094998041788	0.00739	5.01483	5.01415	26709	19448.0	19446.0	19445	3	1	18458.0	17962	1486	496	0.6514	0.6514	0.6207	0.6606	0.6608	0.7037	16281	11791.0	11791.0	11791	0	0	11146.0	10854	937	292	0.6496	0.6496	0.6168	0.6545	0.6547	0.6992
16	wgd	1	6513	1	0.0031312624613444	0.0004631717999776	0.00927	5.01488	5.01443	26676	19405.0	19405.0	19405	0	0	18477.0	17983	1422	494	0.651	0.651	0.6226	0.6606	0.6606	0.7059	16281	11791.0	11792.0	11791	0	1	11155.0	10872	919	283	0.6496	0.6496	0.617	0.6545	0.6545	0.701
17	wgd	1	6513	2	0.0030492305755615	0.0003283937772115	0.00611	5.01491	5.01483	26656	19366.0	19366.0	19365	1	1	18619.0	18336	1030	283	0.6496	0.6496	0.6364	0.659	0.659	0.7049	16281	11791.0	11791.0	11791	0	0	11301.0	11141	650	160	0.6496	0.6496	0.6338	0.6545	0.6544	0.702
0	wgd	2	4	0	0.0027743697166442	0.0002482851346333	0.03455	5.02628	5.02559	32557	23662.0	23670.0	23659	3	11	19344.0	14144	9518	5200	0.6494	0.6494	0.4374	0.6601	0.661	0.5186	16281	11798.0	11807.0	11797	1	10	9642.0	6996	4802	2646	0.6495	0.6498	0.4325	0.6548	0.6558	0.5104
1	wgd	2	4	1	0.0031879941622416	0.0002636671066284	0.03966	5.02357	5.02724	32557	23661.0	23660.0	23660	1	0	23776.0	23468	193	308	0.6494	0.6493	0.6466	0.6601	0.6594	0.7273	16281	11798.0	11796.0	11794	4	2	11861.0	11696	102	165	0.6495	0.6496	0.6461	0.6548	0.6545	0.7246
2	wgd	2	4	2	0.0028000473976135	0.0002458373705546	0.03266	5.0158	5.01722	32557	23661.0	23661.0	23661	0	0	22468.0	21992	1669	476	0.6494	0.6494	0.628	0.6601	0.6601	0.7008	16281	11798.0	11798.0	11798	0	0	11145.0	10903	895	242	0.6495	0.6495	0.6257	0.6548	0.6548	0.6949
3	wgd	2	33	0	0.0028968969980875	0.0002898971239725	0.03248	5.01963	5.01887	32528	23637.0	23644.0	23635	2	9	23244.0	23021	616	223	0.6493	0.6493	0.6424	0.6601	0.6606	0.7196	16281	11798.0	11806.0	11797	1	9	11577.0	11467	331	110	0.6495	0.6497	0.6411	0.6548	0.6555	0.7174
4	wgd	2	33	1	0.0027333974838256	0.0002894004185994	0.03314	5.01875	5.01908	32528	23639.0	23639.0	23639	0	0	18120.0	14984	8655	3136	0.6493	0.6493	0.644	0.66	0.6604	0.6906	16281	11798.0	11798.0	11798	0	0	9073.0	7523	4275	1550	0.6495	0.6495	0.6473	0.6548	0.6552	0.6881
5	wgd	2	33	2	0.0028303980827331	0.0003040115038553	0.0374	5.01646	5.01961	32528	23644.0	23640.0	23640	4	0	22215.0	21573	2071	642	0.6496	0.6495	0.6104	0.6602	0.6593	0.6781	16281	11798.0	11795.0	11793	5	2	11019.0	10703	1095	316	0.6495	0.6495	0.606	0.6548	0.6543	0.6736
6	wgd	2	326	0	0.0028392354647318	0.0003082036972045	0.00979	5.01853	5.01937	32238	23419.0	23419.0	23419	0	0	22863.0	22695	724	168	0.649	0.649	0.6416	0.6597	0.6598	0.7276	16281	11798.0	11797.0	11796	2	1	11503.0	11438	360	65	0.6495	0.6495	0.6402	0.6548	0.6547	0.725
7	wgd	2	326	1	0.0027599573135375	0.0003069758415222	0.00638	5.01841	5.01762	32237	23421.0	23427.0	23421	0	6	22908.0	22770	651	138	0.6491	0.6492	0.6417	0.6599	0.6606	0.728	16281	11798.0	11805.0	11797	1	8	11534.0	11484	314	50	0.6495	0.6497	0.6404	0.6548	0.6556	0.7254
8	wgd	2	326	2	0.0061083396275838	0.0006903211275736	0.033	5.01866	5.01944	32239	23433.0	23433.0	23432	1	1	22904.0	22750	683	154	0.6492	0.6492	0.6422	0.6599	0.6598	0.7276	16281	11798.0	11799.0	11798	0	1	11524.0	11461	337	63	0.6495	0.6496	0.6408	0.6548	0.6547	0.7255
9	wgd	2	1629	0	0.0028168280919392	0.0003691713015238	0.01059	5.01841	5.01761	30975	22507.0	22514.0	22504	3	10	22025.0	21876	631	149	0.6495	0.6495	0.6419	0.6591	0.6604	0.7244	16281	11798.0	11806.0	11797	1	9	11543.0	11485	313	58	0.6495	0.6497	0.6405	0.6548	0.6562	0.7223
10	wgd	2	1629	1	0.0025654435157775	0.0003567934036254	0.03823	5.01864	5.02194	30973	22520.0	22516.0	22516	4	0	22028.0	21885	635	143	0.6494	0.6493	0.6423	0.6598	0.6596	0.7297	16281	11798.0	11795.0	11793	5	2	11539.0	11484	314	55	0.6495	0.6495	0.6408	0.6548	0.655	0.7283
11	wgd	2	1629	2	0.0026387453079223	0.0003291606903076	0.03577	5.01866	5.0178	30966	22508.0	22575.0	22472	36	103	22025.0	21885	623	140	0.649	0.6487	0.6416	0.6586	0.6595	0.727	16281	11798.0	11830.0	11777	21	53	11543.0	11486	312	57	0.6495	0.6489	0.6406	0.6548	0.6561	0.7252
12	wgd	2	3257	0	0.0025406082471211	0.0003771861394246	0.00907	5.01864	5.01767	29458	21453.0	21453.0	21453	0	0	20943.0	20801	652	142	0.6514	0.6514	0.6431	0.6609	0.6616	0.7287	16281	11798.0	11798.0	11797	1	1	11516.0	11450	348	66	0.6495	0.6495	0.6401	0.6548	0.6555	0.7243
13	wgd	2	3257	1	0.0025653481483459	0.0003669540087381	0.03936	5.0186	5.02329	29447	21370.0	21368.0	21366	4	2	20899.0	20759	611	140	0.6473	0.6473	0.6395	0.6565	0.6571	0.725	16281	11798.0	11794.0	11792	6	2	11541.0	11483	315	58	0.6495	0.6495	0.6404	0.6548	0.6558	0.7244
14	wgd	2	3257	2	0.0026023427645365	0.0004046320915222	0.02572	5.01865	5.02032	29464	21390.0	21388.0	21386	4	2	20931.0	20797	593	134	0.6486	0.6487	0.641	0.6581	0.6568	0.7269	16281	11798.0	11794.0	11792	6	2	11543.0	11485	313	58	0.6495	0.6495	0.6405	0.6548	0.6538	0.727
15	wgd	2	6513	0	0.0022701263427734	0.0004193663597106	0.04518	5.01869	5.02114	26655	19335.0	19331.0	19331	4	0	18907.0	18774	561	133	0.6487	0.6486	0.6411	0.6597	0.6602	0.7252	16281	11798.0	11795.0	11793	5	2	11542.0	11485	313	57	0.6495	0.6495	0.6405	0.6548	0.6556	0.723
16	wgd	2	6513	1	0.0022610584894816	0.0004098455111185	0.00827	5.01865	5.01879	26667	19375.0	19374.0	19373	2	1	18956.0	18832	543	124	0.6497	0.6497	0.6426	0.6605	0.6599	0.7269	16281	11798.0	11796.0	11794	4	2	11542.0	11485	313	57	0.6495	0.6494	0.6405	0.6548	0.6543	0.7237
17	wgd	2	6513	2	0.0023770292599995	0.0004246592521667	0.03923	5.01868	5.0188	26672	19380.0	19389.0	19373	7	16	18986.0	18859	521	127	0.6492	0.649	0.6426	0.6626	0.6637	0.7277	16281	11798.0	11807.0	11796	2	11	11539.0	11481	317	58	0.6495	0.6497	0.6403	0.6548	0.6559	0.7231
0	wgd	3	4	0	0.0031450629234313	0.0003182291984558	0.03358	5.0203	5.01951	32557	23673.0	23930.0	23556	117	374	22567.0	22030	1643	537	0.6494	0.6495	0.6363	0.6606	0.6623	0.7158	16281	11808.0	11933.0	11756	52	177	11225.0	10955	853	270	0.6497	0.6501	0.634	0.656	0.6575	0.7111
1	wgd	3	4	1	0.00318230787913	0.0003095308939615	0.03669	5.02136	5.02154	32557	23673.0	23670.0	23667	6	3	23781.0	23471	202	310	0.6494	0.6495	0.6436	0.6607	0.6597	0.7286	16281	11808.0	11805.0	11805	3	0	11878.0	11699	109	179	0.6497	0.6496	0.6439	0.656	0.6549	0.7268
2	wgd	3	4	2	0.0030771374702453	0.0003058473269144	0.04618	5.02362	5.02378	32557	23673.0	24051.0	23558	115	493	21831.0	21152	2521	679	0.6494	0.652	0.6097	0.6606	0.6622	0.7033	16281	11808.0	11989.0	11756	52	233	10777.0	10466	1342	311	0.6497	0.6523	0.6032	0.656	0.6579	0.6978
3	wgd	3	33	0	0.0032019178072611	0.000455105304718	0.0254	5.0217	5.02106	32528	23652.0	23862.0	23591	61	271	23366.0	23018	634	348	0.6493	0.6509	0.6442	0.6605	0.662	0.7247	16281	11808.0	11898.0	11773	35	125	11649.0	11464	344	185	0.6497	0.6502	0.6431	0.656	0.657	0.7226
4	wgd	3	33	1	0.0032197833061218	0.0004260222117106	0.03166	5.02396	5.02223	32528	23659.0	23660.0	23657	2	3	22963.0	22230	1429	733	0.6495	0.6496	0.6323	0.6608	0.6607	0.6682	16281	11808.0	11806.0	11804	4	2	11411.0	11040	768	371	0.6497	0.6494	0.6294	0.656	0.6558	0.6641
5	wgd	3	33	2	0.0050092498461405	0.0005604028701782	0.04518	5.02392	5.02481	32528	23652.0	23717.0	23624	28	93	22850.0	21974	1678	876	0.6493	0.6496	0.6314	0.6605	0.6618	0.6549	16281	11808.0	11830.0	11789	19	41	11343.0	10926	882	417	0.6497	0.6491	0.628	0.656	0.6567	0.6459
6	wgd	3	326	0	0.0050449172655741	0.0006094336509704	0.01143	5.02353	5.02313	32238	23439.0	23435.0	23432	7	3	22858.0	22026	1413	832	0.6493	0.6493	0.6137	0.6606	0.6593	0.6645	16281	11808.0	11807.0	11805	3	2	11506.0	11084	724	422	0.6497	0.6497	0.6124	0.656	0.6546	0.6593
7	wgd	3	326	1	0.0048142751057942	0.0005999525388081	0.0351	5.02386	5.02263	32236	23429.0	23444.0	23422	7	22	23146.0	22505	924	641	0.6492	0.6495	0.631	0.6605	0.6595	0.6665	16281	11808.0	11816.0	11804	4	12	11663.0	11327	481	336	0.6497	0.6499	0.6307	0.656	0.6549	0.6611
8	wgd	3	326	2	0.0050562938054402	0.0006139675776163	0.04724	5.02383	5.0229	32237	23465.0	23718.0	23351	114	367	22902.0	21957	1508	945	0.6501	0.6504	0.6117	0.6613	0.6627	0.6681	16281	11808.0	11929.0	11755	53	174	11523.0	11044	764	479	0.6497	0.65	0.61	0.656	0.657	0.6616
9	wgd	3	1629	0	0.0045239965120951	0.0006252328554789	0.03955	5.0237	5.02336	30968	22512.0	22740.0	22405	107	335	22126.0	21300	1212	826	0.65	0.6501	0.614	0.6613	0.6628	0.6625	16281	11808.0	11917.0	11757	51	160	11597.0	11159	649	438	0.6497	0.6495	0.6124	0.656	0.6572	0.656
10	wgd	3	1629	1	0.0049087802569071	0.0006233890851338	0.03661	5.02391	5.02524	30972	22505.0	22495.0	22491	14	4	22128.0	21311	1194	817	0.6494	0.6493	0.6123	0.661	0.6602	0.6621	16281	11808.0	11799.0	11798	10	1	11591.0	11156	652	435	0.6497	0.6494	0.6107	0.656	0.6552	0.6565
11	wgd	3	1629	2	0.0046874046325683	0.0005833745002746	0.03595	5.02393	5.02318	30970	22537.0	22577.0	22532	5	45	21554.0	20560	1977	994	0.6498	0.6505	0.6086	0.6605	0.6603	0.6596	16281	11808.0	11822.0	11803	5	19	11251.0	10734	1074	517	0.6497	0.65	0.6055	0.656	0.6558	0.6545
12	wgd	3	3257	0	0.0043802698453267	0.0007115761439005	0.04878	5.02389	5.02064	29477	21423.0	21590.0	21371	52	219	20575.0	19637	1786	938	0.6492	0.6505	0.6084	0.6599	0.6603	0.6609	16281	11808.0	11900.0	11781	27	119	11270.0	10761	1047	509	0.6497	0.651	0.6045	0.656	0.656	0.6551
13	wgd	3	3257	1	0.0044229269027709	0.0007010261217753	0.04188	5.02396	5.02719	29458	21403.0	21394.0	21389	14	5	20607.0	19712	1691	895	0.6484	0.6485	0.6088	0.6603	0.6588	0.6612	16281	11808.0	11800.0	11796	12	4	11320.0	10831	977	489	0.6497	0.6496	0.6063	0.656	0.654	0.6565
14	wgd	3	3257	2	0.0044915119806925	0.0006637295087178	0.03315	5.02398	5.02269	29463	21429.0	21668.0	21326	103	342	20724.0	19846	1583	878	0.6501	0.6506	0.6101	0.6609	0.6623	0.6608	16281	11808.0	11932.0	11756	52	176	11375.0	10900	908	475	0.6497	0.65	0.606	0.656	0.6568	0.6558
15	wgd	3	6513	0	0.004150366783142	0.000829541683197	0.053	5.02387	5.02496	26692	19351.0	19581.0	19265	86	316	18888.0	18136	1215	752	0.6469	0.6482	0.61	0.6591	0.6616	0.66	16281	11808.0	11940.0	11756	52	184	11521.0	11063	745	458	0.6497	0.6505	0.6111	0.656	0.6583	0.6557
16	wgd	3	6513	1	0.0029855569203694	0.0007731477419535	0.02836	5.02393	5.02532	26692	19402.0	19394.0	19390	12	4	18983.0	18218	1184	765	0.6479	0.648	0.6114	0.6605	0.6602	0.6625	16281	11808.0	11798.0	11795	13	3	11517.0	11062	746	455	0.6497	0.6496	0.6099	0.656	0.6557	0.6571
17	wgd	3	6513	2	0.0038703958193461	0.0007515390714009	0.02692	5.02396	5.02289	26670	19374.0	19593.0	19280	94	313	18628.0	17799	1575	829	0.6487	0.6492	0.6079	0.6599	0.6606	0.6596	16281	11808.0	11929.0	11756	52	173	11315.0	10814	994	501	0.6497	0.6499	0.606	0.656	0.6564	0.6551
0	sgd	1	4	0	0.2838631947835286	0.0002124230066935	0.06834	6.26745	6.28238	32557	25182.0	25179.0	25177	5	2	25656.0	24864	318	792	0.5311	0.5309	0.5752	0.5865	0.5862	0.6938	16281	12646.0	12650.0	12645	1	5	12894.0	12494	152	400	0.5294	0.5297	0.5753	0.5835	0.5832	0.6908
1	sgd	1	4	1	0.2837791760762532	0.0002091725667317	0.07356	6.26745	6.27405	32557	25179.0	25170.0	25166	13	4	25653.0	24861	318	792	0.5311	0.5304	0.5752	0.5865	0.5861	0.6939	16281	12646.0	12651.0	12645	1	6	12894.0	12494	152	400	0.5294	0.5298	0.5753	0.5835	0.5831	0.6908
2	sgd	1	4	2	0.2799420555432637	0.0001918117205301	0.11276	6.26745	6.26892	32557	25179.0	25176.0	25170	9	6	25653.0	24861	318	792	0.5311	0.5307	0.5752	0.5865	0.5853	0.6939	16281	12646.0	12653.0	12645	1	8	12894.0	12494	152	400	0.5294	0.53	0.5753	0.5835	0.5823	0.6908
3	sgd	1	33	0	0.2778754750887552	0.0002189556757609	0.06592	6.27937	6.29245	32528	25155.0	25148.0	25147	8	1	25627.0	24732	423	895	0.5311	0.5306	0.5796	0.5866	0.587	0.6509	16281	12646.0	12644.0	12643	3	1	12900.0	12452	194	448	0.5294	0.5294	0.5798	0.5835	0.5838	0.6473
4	sgd	1	33	1	0.2852187554041545	0.0002295176188151	0.07853	6.28122	6.29127	32528	25160.0	25154.0	25152	8	2	25563.0	24617	543	946	0.5311	0.5306	0.5805	0.5866	0.5863	0.6548	16281	12646.0	12650.0	12646	0	4	12867.0	12398	248	469	0.5294	0.5297	0.5804	0.5835	0.5832	0.651
5	sgd	1	33	2	0.2838049332300822	0.0001948277155558	0.09971	6.26745	6.29112	32528	25159.0	25152.0	25149	10	3	25632.0	24841	318	791	0.5311	0.5306	0.5752	0.5865	0.5864	0.6938	16281	12646.0	12649.0	12645	1	4	12894.0	12494	152	400	0.5294	0.5297	0.5753	0.5835	0.5835	0.6908
6	sgd	1	326	0	0.2772784431775411	0.0002714236577351	0.08261	6.2794	6.27356	32237	24925.0	24922.0	24918	7	4	25467.0	24706	219	761	0.5311	0.5308	0.5755	0.5869	0.586	0.6477	16281	12646.0	12651.0	12645	1	6	12925.0	12543	103	382	0.5294	0.5298	0.5749	0.5835	0.5826	0.6428
7	sgd	1	326	1	0.2765795032183329	0.0002153952916463	0.07506	6.27897	6.25477	32235	24918.0	24919.0	24912	6	7	25448.0	24663	255	785	0.5313	0.5316	0.5765	0.5867	0.5865	0.6488	16281	12646.0	12647.0	12640	6	7	12919.0	12523	123	396	0.5294	0.5301	0.5759	0.5835	0.5834	0.6437
8	sgd	1	326	2	0.2953997254371643	0.0002181768417358	0.09206	6.28089	6.29539	32235	24929.0	24925.0	24921	8	4	25410.0	24572	357	838	0.531	0.5307	0.5777	0.5866	0.5858	0.6503	16281	12646.0	12652.0	12645	1	7	12901.0	12480	166	421	0.5294	0.5299	0.5775	0.5835	0.5827	0.6463
9	sgd	1	1629	0	0.2686735232671102	0.0002576986948649	0.11186	6.28073	6.2627	30973	23971.0	23963.0	23928	43	35	24483.0	23727	244	756	0.5306	0.5321	0.5763	0.5854	0.5851	0.6482	16281	12646.0	12638.0	12619	27	19	12922.0	12522	124	400	0.5294	0.5308	0.5764	0.5835	0.5833	0.6447
10	sgd	1	1629	1	0.2566785097122192	0.0002488493919372	0.12899	6.28053	6.26758	30977	23966.0	23970.0	23924	42	46	24479.0	23755	211	724	0.5313	0.5335	0.5754	0.5878	0.5884	0.6475	16281	12646.0	12644.0	12618	28	26	12923.0	12540	106	383	0.5294	0.5317	0.5749	0.5835	0.5842	0.6423
11	sgd	1	1629	2	0.2684478918711344	0.0002456585566202	0.13002	6.28032	6.24457	30970	23956.0	23964.0	23930	26	34	24476.0	23756	200	720	0.5313	0.533	0.5753	0.5868	0.5861	0.6473	16281	12646.0	12644.0	12627	19	17	12922.0	12548	98	374	0.5294	0.5309	0.5741	0.5835	0.5828	0.6433
12	sgd	1	3257	0	0.2503735661506653	0.0002827564875284	0.12472	6.27987	6.22288	29453	22783.0	22769.0	22711	72	58	23273.0	22606	177	667	0.5308	0.5333	0.5739	0.5869	0.5877	0.647	16281	12646.0	12642.0	12611	35	31	12921.0	12551	95	370	0.5294	0.532	0.5737	0.5835	0.5843	0.6418
13	sgd	1	3257	1	0.2568221131960551	0.0002845247586568	0.15954	6.28077	6.21846	29461	22809.0	22796.0	22734	75	62	23295.0	22603	206	692	0.531	0.5337	0.5753	0.586	0.5866	0.6464	16281	12646.0	12641.0	12609	37	32	12923.0	12540	106	383	0.5294	0.5321	0.5749	0.5835	0.5842	0.6429
14	sgd	1	3257	2	0.2564528822898865	0.0002851208051045	0.11402	6.28068	6.22708	29474	22779.0	22775.0	22718	61	57	23266.0	22606	173	660	0.5307	0.5333	0.5732	0.5864	0.5872	0.646	16281	12646.0	12643.0	12612	34	31	12916.0	12554	92	362	0.5294	0.5321	0.5728	0.5835	0.5843	0.6418
15	sgd	1	6513	0	0.2125882029533386	0.0005777239799499	0.20684	6.28046	6.14282	26637	20608.0	20741.0	20510	98	231	21024.0	20439	169	585	0.5319	0.5475	0.5733	0.5863	0.5872	0.647	16281	12646.0	12750.0	12598	48	152	12915.0	12553	93	362	0.5294	0.5472	0.5727	0.5835	0.5844	0.6421
16	sgd	1	6513	1	0.2338723222414652	0.0003976821899414	0.18396	6.28068	6.18238	26639	20640.0	20645.0	20559	81	86	21090.0	20471	169	619	0.5309	0.5357	0.5753	0.5848	0.5864	0.6477	16281	12646.0	12651.0	12599	47	52	12922.0	12544	102	378	0.5294	0.5343	0.5744	0.5835	0.5853	0.6433
17	sgd	1	6513	2	0.2308781544367472	0.000353721777598	0.21262	6.28055	6.16759	26667	20607.0	20602.0	20516	91	86	21037.0	20442	165	595	0.5313	0.5357	0.5734	0.5886	0.5909	0.647	16281	12646.0	12651.0	12600	46	51	12915.0	12553	93	362	0.5294	0.5342	0.5727	0.5835	0.5859	0.6416
0	sgd	2	4	0	0.3304617563883463	0.0002521793047587	0.02699	5.72777	5.72825	32557	25582.0	25575.0	25574	8	1	25560.0	25553	29	7	0.587	0.5869	0.5868	0.5961	0.5966	0.7217	16281	12854.0	12851.0	12849	5	2	12846.0	12838	16	8	0.5855	0.5856	0.5859	0.5931	0.5938	0.7208
1	sgd	2	4	1	0.3234618107477824	0.0002865393956502	1.12759	5.73738	5.76784	32557	25583.0	25560.0	25541	42	19	25377.0	25295	288	82	0.5869	0.5846	0.5863	0.596	0.5964	0.6087	16281	12854.0	12840.0	12834	20	6	12747.0	12698	156	49	0.5855	0.5833	0.5856	0.5931	0.5935	0.6089
2	sgd	2	4	2	0.3352848649024963	0.0002538641293843	0.66815	5.72777	5.75236	32557	25584.0	25587.0	25580	4	7	25562.0	25555	29	7	0.587	0.587	0.5868	0.5961	0.5961	0.7217	16281	12854.0	12854.0	12852	2	2	12846.0	12838	16	8	0.5855	0.5855	0.5859	0.5931	0.5932	0.7208
3	sgd	2	33	0	0.3383670012156168	0.0003126780192057	0.89082	5.73664	5.87853	32528	25557.0	25543.0	25505	52	38	25422.0	25337	220	85	0.5869	0.5849	0.5878	0.5962	0.6605	0.5965	16281	12854.0	12855.0	12833	21	22	12776.0	12726	128	50	0.5855	0.5841	0.5868	0.5931	0.6581	0.5949
4	sgd	2	33	1	0.3256118535995483	0.0003164490063985	0.66298	5.72923	5.74561	32528	25558.0	25555.0	25555	3	0	25523.0	25501	57	22	0.5869	0.5868	0.585	0.5961	0.5961	0.7234	16281	12854.0	12854.0	12854	0	0	12849.0	12832	22	17	0.5855	0.5855	0.5853	0.5931	0.5932	0.723
5	sgd	2	33	2	0.3267183979352315	0.000407063961029	0.66443	5.73017	5.74898	32528	25561.0	25559.0	25559	2	0	25529.0	25501	60	28	0.587	0.5868	0.5874	0.5959	0.5961	0.7227	16281	12854.0	12856.0	12854	0	2	12845.0	12819	35	26	0.5855	0.5856	0.5872	0.5931	0.5935	0.7218
6	sgd	2	326	0	0.3300223747889201	0.0003286202748616	0.66904	5.73007	5.7359	32236	25320.0	25313.0	25311	9	2	25278.0	25259	61	19	0.5868	0.5867	0.5866	0.5961	0.5961	0.7229	16281	12854.0	12851.0	12848	6	3	12837.0	12819	35	18	0.5855	0.5857	0.5864	0.5931	0.5931	0.7221
7	sgd	2	326	1	0.3241214474042256	0.0003368735313415	0.52558	5.73009	5.72913	32236	25341.0	25334.0	25333	8	1	25324.0	25305	36	19	0.587	0.5869	0.5875	0.5959	0.5958	0.724	16281	12854.0	12853.0	12851	3	2	12849.0	12831	23	18	0.5855	0.5857	0.587	0.5931	0.5931	0.7228
8	sgd	2	326	2	0.3319068749745686	0.0003419041633605	0.69392	5.73035	5.74602	32236	25344.0	25331.0	25323	21	8	25313.0	25294	50	19	0.5874	0.5862	0.5875	0.5969	0.5976	0.724	16281	12854.0	12847.0	12844	10	3	12842.0	12823	31	19	0.5855	0.5845	0.5868	0.5931	0.5941	0.7224
9	sgd	2	1629	0	0.3144299944241842	0.0003778537114461	0.12123	5.73017	5.70107	30981	24340.0	24339.0	24331	9	8	24306.0	24287	53	19	0.5864	0.5863	0.5866	0.5958	0.5965	0.7241	16281	12854.0	12850.0	12848	6	2	12844.0	12824	30	20	0.5855	0.5851	0.5869	0.5931	0.594	0.7227
10	sgd	2	1629	1	0.3146695256233215	0.0003753662109375	1.08308	5.73018	5.72119	30974	24359.0	24341.0	24334	25	7	24342.0	24323	36	19	0.5878	0.5877	0.5883	0.5971	0.597	0.7243	16281	12854.0	12847.0	12839	15	8	12849.0	12829	25	20	0.5855	0.586	0.5871	0.5931	0.5931	0.7227
11	sgd	2	1629	2	0.312227722009023	0.0003877957661946	0.05941	5.73016	5.70197	30973	24359.0	24339.0	24330	29	9	24331.0	24310	49	21	0.5876	0.5876	0.588	0.5978	0.598	0.7243	16281	12854.0	12846.0	12837	17	9	12843.0	12823	31	20	0.5855	0.586	0.5869	0.5931	0.5935	0.7224
12	sgd	2	3257	0	0.2863374908765157	0.0004809101422627	0.71036	5.73008	5.68961	29469	23182.0	23140.0	23124	58	16	23170.0	23159	23	11	0.5884	0.5882	0.5886	0.5981	0.5986	0.7247	16281	12854.0	12841.0	12822	32	19	12852.0	12838	16	14	0.5855	0.5867	0.5867	0.5931	0.5939	0.7226
13	sgd	2	3257	1	0.2928842226664225	0.0004112919171651	0.52565	5.73001	5.67903	29461	23087.0	23056.0	23041	46	15	23072.0	23060	27	12	0.5858	0.5858	0.586	0.5953	0.5959	0.7229	16281	12854.0	12844.0	12825	29	19	12850.0	12835	19	15	0.5855	0.5868	0.5867	0.5931	0.5937	0.7227
14	sgd	2	3257	2	0.3002710223197937	0.000424039363861	0.56756	5.73007	5.8026	29471	23175.0	23178.0	23161	14	17	23163.0	23144	31	19	0.587	0.5869	0.5876	0.5949	0.6364	0.7232	16281	12854.0	12851.0	12846	8	5	12848.0	12829	25	19	0.5855	0.5852	0.587	0.5931	0.6364	0.7224
15	sgd	2	6513	0	0.2713136752446493	0.0004939039548238	0.73948	5.73007	5.63331	26657	20930.0	20878.0	20854	76	24	20923.0	20908	22	15	0.5866	0.5866	0.5872	0.5964	0.5972	0.7255	16281	12854.0	12826.0	12803	51	23	12849.0	12834	20	15	0.5855	0.5865	0.5867	0.5931	0.5938	0.7226
16	sgd	2	6513	1	0.2611942132314046	0.0004658699035644	0.56486	5.73005	5.63769	26688	20955.0	20910.0	20886	69	24	20944.0	20926	29	18	0.5889	0.589	0.5896	0.5979	0.5986	0.7284	16281	12854.0	12833.0	12809	45	24	12848.0	12829	25	19	0.5855	0.5869	0.587	0.5931	0.5935	0.7225
17	sgd	2	6513	2	0.2718263785044352	0.0005055864651997	0.2385	5.73015	5.61912	26690	20931.0	20916.0	20912	19	4	20913.0	20895	36	18	0.585	0.5848	0.5855	0.5948	0.5951	0.7223	16281	12854.0	12844.0	12838	16	6	12849.0	12829	25	20	0.5855	0.5857	0.5871	0.5931	0.5935	0.7225
0	sgd	3	4	0	0.3734086553255717	0.0003879189491271	0.0428	5.55166	5.5523	32557	25484.0	25484.0	25482	2	2	25482.0	25466	18	16	0.5876	0.5875	0.5875	0.5765	0.5766	0.6902	16281	12813.0	12815.0	12813	0	2	12817.0	12804	9	13	0.5873	0.5874	0.588	0.5721	0.5721	0.6881
1	sgd	3	4	1	0.3692580143610636	0.0003811319669087	0.49121	5.54911	5.55494	32557	25483.0	25482.0	25481	2	1	25464.0	25458	25	6	0.5876	0.5875	0.5862	0.5765	0.5771	0.7009	16281	12813.0	12815.0	12813	0	2	12805.0	12802	11	3	0.5873	0.5874	0.586	0.5721	0.5727	0.699
2	sgd	3	4	2	0.3631316343943278	0.0003664493560791	1.02645	5.54973	5.56958	32557	25485.0	25485.0	25485	0	0	25491.0	25473	12	18	0.5876	0.5876	0.5872	0.5765	0.5765	0.7077	16281	12813.0	12813.0	12813	0	0	12813.0	12806	7	7	0.5873	0.5873	0.5867	0.5721	0.5721	0.7053
3	sgd	3	33	0	0.3663227558135986	0.0004388570785522	0.92474	5.55021	5.56369	32528	25461.0	25461.0	25459	2	2	25465.0	25448	13	17	0.5876	0.5875	0.5879	0.5766	0.5768	0.6995	16281	12813.0	12815.0	12813	0	2	12814.0	12807	6	7	0.5873	0.5874	0.5873	0.5721	0.5723	0.6955
4	sgd	3	33	1	0.3726827343304952	0.0004486163457234	1.20032	5.55457	5.56886	32528	25460.0	25460.0	25460	0	0	25339.0	25316	144	23	0.5876	0.5876	0.5861	0.5765	0.5766	0.5946	16281	12813.0	12815.0	12813	0	2	12741.0	12730	83	11	0.5873	0.5875	0.5854	0.5721	0.5723	0.5935
5	sgd	3	33	2	0.3707399447758993	0.000461208820343	1.02475	5.55023	5.56831	32528	25461.0	25462.0	25459	2	3	25390.0	25369	92	21	0.5875	0.5874	0.587	0.5764	0.5766	0.7046	16281	12813.0	12815.0	12813	0	2	12768.0	12757	56	11	0.5873	0.5874	0.5865	0.5721	0.5723	0.7011
6	sgd	3	326	0	0.3629618167877197	0.0004352927207946	0.83683	5.54925	5.55559	32235	25227.0	25227.0	25225	2	2	25215.0	25201	26	14	0.5872	0.5871	0.5876	0.5756	0.5758	0.7026	16281	12813.0	12814.0	12813	0	1	12813.0	12803	10	10	0.5873	0.5873	0.5882	0.5721	0.5723	0.7
7	sgd	3	326	1	0.3506372451782226	0.0004226684570312	1.02306	5.54986	5.5588	32237	25235.0	25233.0	25233	2	0	25163.0	25142	93	21	0.5877	0.5876	0.5872	0.577	0.5772	0.6889	16281	12813.0	12814.0	12813	0	1	12761.0	12750	63	11	0.5873	0.5874	0.5862	0.5721	0.5723	0.6853
8	sgd	3	326	2	0.3136563817660013	0.0004111170768737	0.45622	5.54927	5.54291	32237	25225.0	25225.0	25223	2	2	25225.0	25218	7	7	0.5875	0.5874	0.5878	0.5764	0.5764	0.7063	16281	12813.0	12816.0	12813	0	3	12819.0	12811	2	8	0.5873	0.5875	0.5883	0.5721	0.5721	0.7048
9	sgd	3	1629	0	0.2927071928977966	0.0004634459813435	1.14118	5.54947	5.54241	30980	24263.0	24261.0	24261	2	0	24230.0	24216	47	14	0.5871	0.587	0.587	0.5762	0.5772	0.7009	16281	12813.0	12815.0	12813	0	2	12800.0	12790	23	10	0.5873	0.5874	0.5877	0.5721	0.5731	0.6979
10	sgd	3	1629	1	0.289984667301178	0.0004698197046915	1.00132	5.54949	5.49856	30967	24275.0	24262.0	24252	23	10	24250.0	24229	46	21	0.5882	0.5883	0.5887	0.58	0.6666	0.6974	16281	12813.0	12813.0	12803	10	10	12797.0	12786	27	11	0.5873	0.5881	0.5876	0.5721	0.6628	0.6938
11	sgd	3	1629	2	0.2924779891967773	0.0004486282666524	0.89112	5.54956	5.54076	30986	24270.0	24266.0	24264	6	2	24219.0	24198	72	21	0.5882	0.5882	0.5881	0.5771	0.5771	0.7001	16281	12813.0	12812.0	12809	4	3	12776.0	12765	48	11	0.5873	0.5875	0.5868	0.5721	0.572	0.6968
12	sgd	3	3257	0	0.2792600154876709	0.0005155563354492	1.33427	5.54935	5.51677	29455	23081.0	23078.0	23076	5	2	23054.0	23043	38	11	0.5871	0.5871	0.587	0.5776	0.578	0.6998	16281	12813.0	12813.0	12810	3	3	12808.0	12798	15	10	0.5873	0.5876	0.588	0.5721	0.5725	0.6971
13	sgd	3	3257	1	0.2747076630592346	0.000550639629364	0.10356	5.54947	5.4967	29449	23036.0	23032.0	23030	6	2	23006.0	22992	44	14	0.5872	0.5872	0.5872	0.5774	0.5793	0.6982	16281	12813.0	12812.0	12809	4	3	12804.0	12793	20	11	0.5873	0.5875	0.5879	0.5721	0.5739	0.6964
14	sgd	3	3257	2	0.2780192732810974	0.0005267659823099	0.85092	5.5495	5.51506	29464	23091.0	23081.0	23078	13	3	23063.0	23045	46	18	0.5879	0.5878	0.5881	0.5766	0.577	0.6965	16281	12813.0	12810.0	12807	6	3	12793.0	12782	31	11	0.5873	0.5875	0.5875	0.5721	0.5724	0.6942
15	sgd	3	6513	0	0.2511394540468851	0.000554597377777	0.1875	5.54936	5.45029	26646	20872.0	20866.0	20854	18	12	20859.0	20847	25	12	0.5863	0.5868	0.5866	0.5734	0.5734	0.6997	16281	12813.0	12812.0	12804	9	8	12811.0	12801	12	10	0.5873	0.588	0.5881	0.5721	0.5723	0.6982
16	sgd	3	6513	1	0.2497961203257243	0.0005802035331726	0.45447	5.54941	5.44885	26655	20823.0	20811.0	20805	18	6	20799.0	20787	36	12	0.587	0.587	0.587	0.5753	0.5774	0.7005	16281	12813.0	12814.0	12806	7	8	12809.0	12799	14	10	0.5873	0.5881	0.588	0.5721	0.5741	0.698
17	sgd	3	6513	2	0.2521368344624837	0.0005748470624287	1.38149	5.54942	5.44727	26672	20893.0	20874.0	20859	34	15	20870.0	20861	32	9	0.5881	0.5884	0.588	0.5768	0.6638	0.6999	16281	12813.0	12790.0	12779	34	11	12808.0	12798	15	10	0.5873	0.5874	0.588	0.5721	0.6628	0.6962
